Condition,Motif,Mean_Control,Mean_Disease,Fold_Change,p_value,Significant
T1D,AAGA,0.23059916666666666,0.23042791666666665,0.9992573693891637,0.9990168122013293,False
T1D,ACAC,0.11017694444444444,0.10839874999999999,0.9838605576383443,0.9734568632407601,False
T1D,ATAG,0.07154333333333333,0.07271916666666667,1.0164352606811722,0.9813810116934907,False
T1D,ATCT,0.19980874999999998,0.20164791666666668,1.0092046352658064,0.9874965408486556,False
T1D,GAGG,0.20902166666666666,0.20509291666666665,0.9812041016481544,0.9767186538605039,False
T1D,TATG,0.38965500000000003,0.38813666666666663,0.9961033906062199,0.9951996959845145,False
T1D,TCTT,0.1690183333333333,0.17286791666666668,1.0227761288223174,0.9680861117371788,False
