metric,x_mean,x_std,auto_mean,auto_std,fold_change,percent_difference
length,188.98910625821452,13622.559290424662,316.42088474016185,17806.215269630742,0.5972712781376881,-40.2728721862312
period,15.761065615205744,29.846287138794644,28.44381128116068,51.72232833351307,0.5541122973785458,-44.58877026214542
copies,10.372414821554948,71.83230475332898,11.78284127500995,96.21222174463338,0.8802982726716047,-11.97017273283953
score,130.58403093721566,5533.228611615466,239.6093503141696,9821.699288552683,0.544987208412348,-45.50127915876519
entropy,34.73376301688403,27.55340695806332,33.224610152321,27.465831327707388,1.0454227410839194,4.542274108391935
