test	statistic	p_value	x_mean	autosome_mean
mannwhitneyu	1889754343.0	0.0028379400749188924	616.7007718696398	426.0889321223799
