Category	Count	Percentage
Total STRs	141893	100.0
Autosome	106913	75.34762109476858
X chromosome	34980	24.652378905231405
