chrom_class	Count	Mean_length	Mean_score	Mean_gc
X	34980	616.7007718696398	48.49242424242424	0.2509236448009576
autosome	106913	426.0889321223799	48.38064594576899	0.2776785753799334
