repeat_unit	x_freq	autosome_freq	fold_change	fold_reduction
A	0.04591194968553459	0.05498863561961595	0.8349352431326974	
AC	0.038364779874213835	0.0338593061648256	1.1330645570346667	
AT	0.02338479130931961	0.01724766866517636	1.355823294583054	
TA	0.023156089193825044	0.015760478145782086	1.469250393952789	
CA	0.016009148084619784	0.01425458082740172	1.1230879501386175	
AAAT	0.010091480846197827	0.011607568770869773	0.8693879981254385	
TTTA	0.008404802744425385	0.008277758551345486	1.0153476544337712	
AG	0.00714694110920526	0.005294024113063893	1.3500015501567955	
AAAG	0.006889651229273871	0.00519113671864039	1.3271950394485659	
GA	0.006689536878216123	0.004358684163759318	1.534760513064098	
