condition,motif,mean_control,mean_disease,fold_change,p_value,n_control,n_disease,mean_t2d,n_t2d
T1D,AAGA,0.2305991666666666,0.2304279166666666,0.9992573693891637,0.9990168122013292,12,12.0,,
T1D,ACAC,0.1101769444444444,0.1083987499999999,0.9838605576383443,0.97345686324076,12,12.0,,
T1D,ATAG,0.0715433333333333,0.0727191666666666,1.0164352606811722,0.9813810116934908,6,6.0,,
T1D,ATCT,0.1998087499999999,0.2016479166666666,1.0092046352658064,0.9874965408486556,12,12.0,,
T1D,GAGG,0.2090216666666666,0.2050929166666666,0.9812041016481544,0.976718653860504,6,6.0,,
T1D,TATG,0.389655,0.3881366666666666,0.99610339060622,0.9951996959845144,6,6.0,,
T1D,TCTT,0.1690183333333333,0.1728679166666666,1.0227761288223174,0.9680861117371788,12,12.0,,
T2D,AAGA,0.1037272727272727,,0.530236634531113,0.0033556355672425,11,,0.0549999999999999,5.0
T2D,GAGG,0.1037272727272727,,0.530236634531113,0.0033556355672425,11,,0.0549999999999999,5.0
T2D,TATG,0.1037272727272727,,0.530236634531113,0.0033556355672425,11,,0.0549999999999999,5.0
T2D,ATCT,0.1037272727272727,,0.530236634531113,0.0033556355672425,11,,0.0549999999999999,5.0
